{
    "marque": "TOYOTA",
    "modele": "COROLLA",
    "couleur": "Bleu",
    "kilometrage": "47 583 Km",
    "boite_de_vitesse": "Manuelle",
    "annee": "2021",
    "prix_ttc": "24 999 \u20ac",
    "puissance_fiscale": "5 CV",
    "type_vehicule": "-",
    "carburant": "5 portes",
    "portes": "-",
    "places": "VILLEMOMBLE (93250)",
    "ville": "12 mois pi\u00e8ces et main d'oeuvre",
    "garantie": "22/09/2021",
    "mise_en_circulation": "3231-7487-71 (re93c2)",
    "reference": null,
    "equipements": [],
    "liste_equipements_serie": []
}