{
    "marque": "FIAT",
    "modele": "500X",
    "couleur": "noir Cin\u00e9ma pastel extra-s\u00e9rie",
    "kilometrage": "65 000 Km",
    "boite_de_vitesse": "Automatique",
    "annee": "2017",
    "prix_ttc": "14 499 \u20ac",
    "puissance_fiscale": "7 CV",
    "type_vehicule": "SUV",
    "carburant": "Essence",
    "portes": "5 portes",
    "places": "5 places",
    "ville": "BASSUSSARRY (64200)",
    "garantie": "Spoticar-Premium 12 Mois",
    "mise_en_circulation": "29/12/2017",
    "reference": "4307-9027-10 (ggga)",
    "equipements": [
        "radar_recul",
        "gps",
        "bluetooth",
        "clim_auto",
        "regulateur_vitesse",
        "toit_ouvrant",
        "isofix",
        "jantes_alliage",
        "radar_recul",
        "gps",
        "bluetooth",
        "clim_auto",
        "regulateur_vitesse",
        "toit_ouvrant",
        "isofix",
        "jantes_alliage"
    ],
    "liste_equipements_serie": [
        "4 Haut parleurs",
        "ABS",
        "Accoudoir central AV avec rangement",
        "AFIL",
        "Aide au d\u00e9marrage en c\u00f4te",
        "Airbag conducteur",
        "Airbag passager",
        "Airbags lat\u00e9raux avant",
        "Airbags rideaux",
        "Airbags rideaux AR",
        "Antid\u00e9marrage \u00e9lectronique",
        "Appui-t\u00eate conducteur r\u00e9glable hauteur",
        "Appui-t\u00eate passager r\u00e9glable en hauteur",
        "Arr\u00eat et red\u00e9marrage auto. du moteur",
        "Banquette 60/40",
        "Becquet arri\u00e8re",
        "Boucliers AV et AR couleur caisse",
        "Capteur de luminosit\u00e9",
        "Capteur de pluie",
        "Carte SD",
        "Ceinture de vitrage chrom\u00e9e",
        "Ceintures avant ajustables en hauteur",
        "Clim automatique bi-zones",
        "Commande du comportement dynamique",
        "Commandes du syst\u00e8me audio au volant",
        "Commandes vocales",
        "Compte tours",
        "D\u00e9marrage sans cl\u00e9",
        "D\u00e9tecteur de sous-gonflage",
        "Direction assist\u00e9e",
        "EBD",
        "Eclairage d'ambiance",
        "Eclairage statique d'intersection",
        "Ecran multifonction couleur",
        "Ecran tactile",
        "ESP",
        "Feux de jour",
        "Frein stationnement \u00e9lectrique",
        "GPS Cartographique",
        "Jantes Alu",
        "Kit anti-crevaison",
        "Kit mains-libres Bluetooth",
        "Lave-phares",
        "Limiteur de vitesse",
        "Lunette arri\u00e8re surteint\u00e9e",
        "Palettes changement vitesses au volant",
        "Phares antibrouillard",
        "Phares x\u00e9non",
        "Pr\u00e9paration Isofix",
        "Prise 12V",
        "Prise auxiliaire de connexion audio",
        "Prise USB",
        "Radar de stationnement AR",
        "Radio",
        "R\u00e9gulateur de vitesse",
        "R\u00e9troviseur int\u00e9rieur \u00e9lectrochrome",
        "R\u00e9troviseurs d\u00e9givrants",
        "R\u00e9troviseurs \u00e9lectriques",
        "R\u00e9troviseurs rabattables \u00e9lectriquement",
        "rouge Passione pastel",
        "Si\u00e8ge cond. avec r\u00e9glage lombaire \u00e9lectr",
        "Si\u00e8ge conducteur r\u00e9glable en hauteur",
        "Si\u00e8ge passager rabattable",
        "Sortie d'\u00e9chappement chrom\u00e9e",
        "Syst\u00e8me d'acc\u00e8s sans cl\u00e9",
        "Tablette cache bagages",
        "Verrouillage centralis\u00e9 \u00e0 distance",
        "Vitres arri\u00e8re \u00e9lectriques",
        "Vitres arri\u00e8re surteint\u00e9es",
        "Vitres avant \u00e9lectriques",
        "Volant cuir",
        "Volant multifonction",
        "Volant r\u00e9glable en profondeur et hauteur",
        "4 Haut parleurs",
        "ABS",
        "Accoudoir central AV avec rangement",
        "AFIL",
        "Aide au d\u00e9marrage en c\u00f4te",
        "Airbag conducteur",
        "Airbag passager",
        "Airbags lat\u00e9raux avant",
        "Airbags rideaux",
        "Airbags rideaux AR",
        "Antid\u00e9marrage \u00e9lectronique",
        "Appui-t\u00eate conducteur r\u00e9glable hauteur",
        "Appui-t\u00eate passager r\u00e9glable en hauteur",
        "Arr\u00eat et red\u00e9marrage auto. du moteur",
        "Banquette 60/40",
        "Becquet arri\u00e8re",
        "Boucliers AV et AR couleur caisse",
        "Capteur de luminosit\u00e9",
        "Capteur de pluie",
        "Carte SD",
        "Ceinture de vitrage chrom\u00e9e",
        "Ceintures avant ajustables en hauteur",
        "Clim automatique bi-zones",
        "Commande du comportement dynamique",
        "Commandes du syst\u00e8me audio au volant",
        "Commandes vocales",
        "Compte tours",
        "D\u00e9marrage sans cl\u00e9",
        "D\u00e9tecteur de sous-gonflage",
        "Direction assist\u00e9e",
        "EBD",
        "Eclairage d'ambiance",
        "Eclairage statique d'intersection",
        "Ecran multifonction couleur",
        "Ecran tactile",
        "ESP",
        "Feux de jour",
        "Frein stationnement \u00e9lectrique",
        "GPS Cartographique",
        "Jantes Alu",
        "Kit anti-crevaison",
        "Kit mains-libres Bluetooth",
        "Lave-phares",
        "Limiteur de vitesse",
        "Lunette arri\u00e8re surteint\u00e9e",
        "Palettes changement vitesses au volant",
        "Phares antibrouillard",
        "Phares x\u00e9non",
        "Pr\u00e9paration Isofix",
        "Prise 12V",
        "Prise auxiliaire de connexion audio",
        "Prise USB",
        "Radar de stationnement AR",
        "Radio",
        "R\u00e9gulateur de vitesse",
        "R\u00e9troviseur int\u00e9rieur \u00e9lectrochrome",
        "R\u00e9troviseurs d\u00e9givrants",
        "R\u00e9troviseurs \u00e9lectriques",
        "R\u00e9troviseurs rabattables \u00e9lectriquement",
        "rouge Passione pastel",
        "Si\u00e8ge cond. avec r\u00e9glage lombaire \u00e9lectr",
        "Si\u00e8ge conducteur r\u00e9glable en hauteur",
        "Si\u00e8ge passager rabattable",
        "Sortie d'\u00e9chappement chrom\u00e9e",
        "Syst\u00e8me d'acc\u00e8s sans cl\u00e9",
        "Tablette cache bagages",
        "Verrouillage centralis\u00e9 \u00e0 distance",
        "Vitres arri\u00e8re \u00e9lectriques",
        "Vitres arri\u00e8re surteint\u00e9es",
        "Vitres avant \u00e9lectriques",
        "Volant cuir",
        "Volant multifonction",
        "Volant r\u00e9glable en profondeur et hauteur"
    ]
}