{
    "marque": "PEUGEOT",
    "modele": "EXPERT",
    "couleur": "Blanc Icy",
    "kilometrage": "500 Km",
    "boite_de_vitesse": "Automatique",
    "annee": "2024",
    "prix_ttc": "30 999 \u20ac",
    "puissance_fiscale": "7 CV",
    "type_vehicule": "Utilitaire",
    "carburant": "Diesel",
    "portes": "4 portes",
    "places": "3 places",
    "ville": "SAINT-CYR-SUR-LOIRE (37540)",
    "garantie": "Spoticar-Premium 12 Mois",
    "mise_en_circulation": "29/03/2024",
    "reference": "1961-9526-15 (ggt)",
    "equipements": [],
    "liste_equipements_serie": [
        "2 Haut parleurs",
        "ABS",
        "Aide au d\u00e9marrage en c\u00f4te",
        "Aide au freinage d'urgence",
        "Airbag conducteur",
        "Airbag passager",
        "Antid\u00e9marrage \u00e9lectronique",
        "Antipatinage",
        "Appui-t\u00eate conducteur r\u00e9glable hauteur",
        "Appui-t\u00eate passager r\u00e9glable en hauteur",
        "Arr\u00eat et red\u00e9marrage auto. du moteur",
        "Bacs de portes avant",
        "Banquette AV 2 places monobloc",
        "Clim manuelle",
        "Cloison pleine",
        "Contr\u00f4le \u00e9lect. de la pression des pneus",
        "Double portes arri\u00e8re de chargement",
        "ESP",
        "Filtre \u00e0 Pollen",
        "Fonction MP3",
        "Kit mains-libres Bluetooth",
        "Lampe de coffre",
        "Limiteur de vitesse",
        "Ouverture des vitres s\u00e9quentielle",
        "Phares halog\u00e8nes",
        "Plancher plastique",
        "Porte lat\u00e9rale arri\u00e8re droite",
        "Prise 12V",
        "Radar de stationnement AR",
        "Radio",
        "Radio num\u00e9rique DAB",
        "Rangement sous si\u00e8ge passager avant",
        "R\u00e9gulateur de vitesse",
        "R\u00e9troviseurs d\u00e9givrants",
        "R\u00e9troviseurs \u00e9lectriques",
        "Si\u00e8ge conducteur avec r\u00e9glage lombaire",
        "Si\u00e8ge conducteur r\u00e9glable en hauteur",
        "Tissu bi-ton noir/gris",
        "Vitres avant \u00e9lectriques",
        "Volant r\u00e9glable en profondeur et hauteur",
        "2 Haut parleurs",
        "ABS",
        "Aide au d\u00e9marrage en c\u00f4te",
        "Aide au freinage d'urgence",
        "Airbag conducteur",
        "Airbag passager",
        "Antid\u00e9marrage \u00e9lectronique",
        "Antipatinage",
        "Appui-t\u00eate conducteur r\u00e9glable hauteur",
        "Appui-t\u00eate passager r\u00e9glable en hauteur",
        "Arr\u00eat et red\u00e9marrage auto. du moteur",
        "Bacs de portes avant",
        "Banquette AV 2 places monobloc",
        "Clim manuelle",
        "Cloison pleine",
        "Contr\u00f4le \u00e9lect. de la pression des pneus",
        "Double portes arri\u00e8re de chargement",
        "ESP",
        "Filtre \u00e0 Pollen",
        "Fonction MP3",
        "Kit mains-libres Bluetooth",
        "Lampe de coffre",
        "Limiteur de vitesse",
        "Ouverture des vitres s\u00e9quentielle",
        "Phares halog\u00e8nes",
        "Plancher plastique",
        "Porte lat\u00e9rale arri\u00e8re droite",
        "Prise 12V",
        "Radar de stationnement AR",
        "Radio",
        "Radio num\u00e9rique DAB",
        "Rangement sous si\u00e8ge passager avant",
        "R\u00e9gulateur de vitesse",
        "R\u00e9troviseurs d\u00e9givrants",
        "R\u00e9troviseurs \u00e9lectriques",
        "Si\u00e8ge conducteur avec r\u00e9glage lombaire",
        "Si\u00e8ge conducteur r\u00e9glable en hauteur",
        "Tissu bi-ton noir/gris",
        "Vitres avant \u00e9lectriques",
        "Volant r\u00e9glable en profondeur et hauteur"
    ]
}