{
    "marque": "PEUGEOT",
    "modele": "408",
    "couleur": "Blanc Nacr\u00e9 (N)",
    "kilometrage": "18 965 Km",
    "boite_de_vitesse": "Automatique",
    "annee": "2023",
    "prix_ttc": "30 499 \u20ac",
    "puissance_fiscale": "7 CV",
    "type_vehicule": "Berline",
    "carburant": "Essence",
    "portes": "5 portes",
    "places": "5 places",
    "ville": "POITIERS (86000)",
    "garantie": "Spoticar-Premium 12 Mois",
    "mise_en_circulation": "31/05/2023",
    "reference": "4166-0368-43 (scap)",
    "equipements": [
        "cam_recul",
        "radar_recul",
        "gps",
        "bluetooth",
        "clim_auto",
        "regulateur_vitesse",
        "feux_led",
        "isofix",
        "jantes_alliage",
        "cam_recul",
        "radar_recul",
        "gps",
        "bluetooth",
        "clim_auto",
        "regulateur_vitesse",
        "feux_led",
        "isofix",
        "jantes_alliage"
    ],
    "liste_equipements_serie": [
        "6 Haut parleurs",
        "ABS",
        "Accoudoir central AV avec rangement",
        "AFIL",
        "Airbag conducteur",
        "Airbag passager",
        "Airbag passager d\u00e9connectable",
        "Airbags lat\u00e9raux avant",
        "Airbags rideaux AV et AR",
        "Banquette AR 3 places 1/3-2/3",
        "Bleu Obsession (M)",
        "C\u00e2ble de recharge mode 2 (10A, 2,3kW)",
        "Cam\u00e9ra de recul",
        "Capteur de pluie",
        "Chargeur embarqu\u00e9 3,7kW",
        "Clim automatique bi-zones",
        "Commande Mode ECO",
        "Commandes vocales",
        "D\u00e9marrage sans cl\u00e9",
        "D\u00e9tecteur de sous-gonflage",
        "Eclairage d'ambiance",
        "Ecran multifonction couleur",
        "Ecran tactile",
        "ESP",
        "Feux de jour \u00e0 LED",
        "Feux de route automatiques",
        "Fixations Isofix aux places arri\u00e8res",
        "Freinage automatique d'urgence",
        "Frein stationnement \u00e9lectrique",
        "GPS Cartographique",
        "Indicateur de limitation de vitesse",
        "Interface Media",
        "JA 19\" JASPE",
        "Jantes Alu",
        "Kit mains-libres Bluetooth",
        "Lunette arri\u00e8re surteint\u00e9e",
        "Mode de conduite",
        "Ouverture des vitres s\u00e9quentielle",
        "Pare-brise acoustique",
        "Peugeot i-Cockpit \u00e9cran num\u00e9rique 10\"",
        "Phares avant LED",
        "Prise 12V",
        "Prise USB",
        "Radar de stationnement AR",
        "Radar de stationnement AV",
        "Radio num\u00e9rique DAB",
        "Reconnaissance panneaux de signalisation",
        "R\u00e9gulateur de vitesse",
        "R\u00e9p\u00e9titeurs de clignotant dans r\u00e9tro ext",
        "R\u00e9troviseurs d\u00e9givrants",
        "R\u00e9troviseurs \u00e9lectriques",
        "R\u00e9troviseurs rabattables \u00e9lectriquement",
        "Si\u00e8ge conducteur avec r\u00e9glage lombaire",
        "Si\u00e8ge conducteur r\u00e9glable en hauteur",
        "Si\u00e8ge passager r\u00e9glable en hauteur",
        "Syst\u00e8me avanc\u00e9 de d\u00e9tection d'obstacles",
        "Syst\u00e8me d'acc\u00e8s sans cl\u00e9",
        "Syst\u00e8me de contr\u00f4le des angles morts",
        "Syst\u00e8me de d\u00e9tection de somnolence",
        "Syst\u00e8me de pr\u00e9vention des collisions",
        "Syst\u00e8me de pr\u00e9vention des collisions AR",
        "Syst\u00e8me de pr\u00e9vention des \u00e9carts",
        "Tissus FRACTIL et BALADIN / TEP",
        "Vitrage lat\u00e9ral feuillet\u00e9",
        "Vitres arri\u00e8re \u00e9lectriques",
        "Vitres arri\u00e8re surteint\u00e9es",
        "Vitres avant \u00e9lectriques",
        "Vitres teint\u00e9es",
        "Volant cuir",
        "Volant r\u00e9glable en profondeur et hauteur",
        "6 Haut parleurs",
        "ABS",
        "Accoudoir central AV avec rangement",
        "AFIL",
        "Airbag conducteur",
        "Airbag passager",
        "Airbag passager d\u00e9connectable",
        "Airbags lat\u00e9raux avant",
        "Airbags rideaux AV et AR",
        "Banquette AR 3 places 1/3-2/3",
        "Bleu Obsession (M)",
        "C\u00e2ble de recharge mode 2 (10A, 2,3kW)",
        "Cam\u00e9ra de recul",
        "Capteur de pluie",
        "Chargeur embarqu\u00e9 3,7kW",
        "Clim automatique bi-zones",
        "Commande Mode ECO",
        "Commandes vocales",
        "D\u00e9marrage sans cl\u00e9",
        "D\u00e9tecteur de sous-gonflage",
        "Eclairage d'ambiance",
        "Ecran multifonction couleur",
        "Ecran tactile",
        "ESP",
        "Feux de jour \u00e0 LED",
        "Feux de route automatiques",
        "Fixations Isofix aux places arri\u00e8res",
        "Freinage automatique d'urgence",
        "Frein stationnement \u00e9lectrique",
        "GPS Cartographique",
        "Indicateur de limitation de vitesse",
        "Interface Media",
        "JA 19\" JASPE",
        "Jantes Alu",
        "Kit mains-libres Bluetooth",
        "Lunette arri\u00e8re surteint\u00e9e",
        "Mode de conduite",
        "Ouverture des vitres s\u00e9quentielle",
        "Pare-brise acoustique",
        "Peugeot i-Cockpit \u00e9cran num\u00e9rique 10\"",
        "Phares avant LED",
        "Prise 12V",
        "Prise USB",
        "Radar de stationnement AR",
        "Radar de stationnement AV",
        "Radio num\u00e9rique DAB",
        "Reconnaissance panneaux de signalisation",
        "R\u00e9gulateur de vitesse",
        "R\u00e9p\u00e9titeurs de clignotant dans r\u00e9tro ext",
        "R\u00e9troviseurs d\u00e9givrants",
        "R\u00e9troviseurs \u00e9lectriques",
        "R\u00e9troviseurs rabattables \u00e9lectriquement",
        "Si\u00e8ge conducteur avec r\u00e9glage lombaire",
        "Si\u00e8ge conducteur r\u00e9glable en hauteur",
        "Si\u00e8ge passager r\u00e9glable en hauteur",
        "Syst\u00e8me avanc\u00e9 de d\u00e9tection d'obstacles",
        "Syst\u00e8me d'acc\u00e8s sans cl\u00e9",
        "Syst\u00e8me de contr\u00f4le des angles morts",
        "Syst\u00e8me de d\u00e9tection de somnolence",
        "Syst\u00e8me de pr\u00e9vention des collisions",
        "Syst\u00e8me de pr\u00e9vention des collisions AR",
        "Syst\u00e8me de pr\u00e9vention des \u00e9carts",
        "Tissus FRACTIL et BALADIN / TEP",
        "Vitrage lat\u00e9ral feuillet\u00e9",
        "Vitres arri\u00e8re \u00e9lectriques",
        "Vitres arri\u00e8re surteint\u00e9es",
        "Vitres avant \u00e9lectriques",
        "Vitres teint\u00e9es",
        "Volant cuir",
        "Volant r\u00e9glable en profondeur et hauteur"
    ]
}