{
    "marque": "DACIA",
    "modele": "SANDERO",
    "couleur": "Orange Atacama m\u00e9tallis\u00e9",
    "kilometrage": "40 316 Km",
    "boite_de_vitesse": "Manuelle",
    "annee": "2021",
    "prix_ttc": "13 499 \u20ac",
    "puissance_fiscale": "5 CV",
    "type_vehicule": "Berline",
    "carburant": "Gpl",
    "portes": "5 portes",
    "places": "-",
    "ville": "LAON (02000)",
    "garantie": "Garantie OR 12 mois",
    "mise_en_circulation": "26/08/2021",
    "reference": "2717-6853-00 (re02c4)",
    "equipements": [],
    "liste_equipements_serie": [
        "2 Haut parleurs",
        "ABS",
        "Accoudoir central AV",
        "Aide au d\u00e9marrage en c\u00f4te",
        "Aide au freinage d'urgence",
        "Airbag conducteur",
        "Airbag passager d\u00e9connectable",
        "Airbags lat\u00e9raux avant",
        "Airbags rideaux AV et AR",
        "Antid\u00e9marrage \u00e9lectronique",
        "Antipatinage",
        "Appel d'Urgence Localis\u00e9",
        "Appui-t\u00eate conducteur r\u00e9glable hauteur",
        "Arr\u00eat et red\u00e9marrage auto. du moteur",
        "Bacs de portes arri\u00e8re",
        "Bacs de portes avant",
        "Banquette 1/3-2/3",
        "Banquette AR rabattable",
        "Banquette arri\u00e8re 3 places",
        "Becquet arri\u00e8re",
        "Blanc Glacier",
        "Boucliers AV et AR couleur caisse",
        "Clim manuelle",
        "Commandes du syst\u00e8me audio au volant",
        "Compte tours",
        "Configuration 5 places",
        "D\u00e9tecteur de sous-gonflage",
        "Direction assist\u00e9e",
        "EBD",
        "Ecran multifonction couleur",
        "Enjoliveurs",
        "ESP",
        "Essuie-glace arri\u00e8re",
        "Feux de jour \u00e0 LED",
        "Freinage automatique d'urgence",
        "Kit anti-crevaison",
        "Kit mains-libres Bluetooth",
        "Limiteur de vitesse",
        "Ordinateur de bord",
        "Phares antibrouillard",
        "Phares avant LED",
        "Poign\u00e9es ton carrosserie",
        "Porte-gobelets avant",
        "Pr\u00e9paration Isofix",
        "Prise 12V",
        "Prise USB",
        "Radio num\u00e9rique DAB",
        "R\u00e9gulateur de vitesse",
        "R\u00e9troviseurs \u00e9lectriques",
        "Si\u00e8ge conducteur r\u00e9glable en hauteur",
        "Syst\u00e8me de r\u00e9cup\u00e9ration \u00e9nergie freinage",
        "Tablette cache bagages",
        "T\u00e9moin de bouclage ceinture conducteur",
        "T\u00e9moin de bouclage des ceintures AV",
        "Tissu Stepway noir et gris+spq orange",
        "Troisi\u00e8me ceinture de s\u00e9curit\u00e9",
        "Verrouillage auto. des portes en roulant",
        "Verrouillage centralis\u00e9 \u00e0 distance",
        "Vitres avant \u00e9lectriques",
        "Vitres teint\u00e9es",
        "Volant r\u00e9glable en hauteur",
        "2 Haut parleurs",
        "ABS",
        "Accoudoir central AV",
        "Aide au d\u00e9marrage en c\u00f4te",
        "Aide au freinage d'urgence",
        "Airbag conducteur",
        "Airbag passager d\u00e9connectable",
        "Airbags lat\u00e9raux avant",
        "Airbags rideaux AV et AR",
        "Antid\u00e9marrage \u00e9lectronique",
        "Antipatinage",
        "Appel d'Urgence Localis\u00e9",
        "Appui-t\u00eate conducteur r\u00e9glable hauteur",
        "Arr\u00eat et red\u00e9marrage auto. du moteur",
        "Bacs de portes arri\u00e8re",
        "Bacs de portes avant",
        "Banquette 1/3-2/3",
        "Banquette AR rabattable",
        "Banquette arri\u00e8re 3 places",
        "Becquet arri\u00e8re",
        "Blanc Glacier",
        "Boucliers AV et AR couleur caisse",
        "Clim manuelle",
        "Commandes du syst\u00e8me audio au volant",
        "Compte tours",
        "Configuration 5 places",
        "D\u00e9tecteur de sous-gonflage",
        "Direction assist\u00e9e",
        "EBD",
        "Ecran multifonction couleur",
        "Enjoliveurs",
        "ESP",
        "Essuie-glace arri\u00e8re",
        "Feux de jour \u00e0 LED",
        "Freinage automatique d'urgence",
        "Kit anti-crevaison",
        "Kit mains-libres Bluetooth",
        "Limiteur de vitesse",
        "Ordinateur de bord",
        "Phares antibrouillard",
        "Phares avant LED",
        "Poign\u00e9es ton carrosserie",
        "Porte-gobelets avant",
        "Pr\u00e9paration Isofix",
        "Prise 12V",
        "Prise USB",
        "Radio num\u00e9rique DAB",
        "R\u00e9gulateur de vitesse",
        "R\u00e9troviseurs \u00e9lectriques",
        "Si\u00e8ge conducteur r\u00e9glable en hauteur",
        "Syst\u00e8me de r\u00e9cup\u00e9ration \u00e9nergie freinage",
        "Tablette cache bagages",
        "T\u00e9moin de bouclage ceinture conducteur",
        "T\u00e9moin de bouclage des ceintures AV",
        "Tissu Stepway noir et gris+spq orange",
        "Troisi\u00e8me ceinture de s\u00e9curit\u00e9",
        "Verrouillage auto. des portes en roulant",
        "Verrouillage centralis\u00e9 \u00e0 distance",
        "Vitres avant \u00e9lectriques",
        "Vitres teint\u00e9es",
        "Volant r\u00e9glable en hauteur"
    ]
}