{
    "marque": "FORD",
    "modele": "TRANSIT CUSTOM",
    "couleur": "Blanc Glacier",
    "kilometrage": "300 Km",
    "boite_de_vitesse": "Manuelle",
    "annee": "2022",
    "prix_ttc": "33 999 \u20ac",
    "puissance_fiscale": "7 CV",
    "type_vehicule": "Utilitaire",
    "carburant": "4 portes",
    "portes": "3 places",
    "places": "VITRY-SUR-SEINE (94400)",
    "ville": "Autosph\u00e8re Occasions Summum 12 mois",
    "garantie": "24/02/2022",
    "mise_en_circulation": "8966-2328-40 (safi)",
    "reference": "Soci\u00e9t\u00e9",
    "equipements": [],
    "liste_equipements_serie": [
        "4 Haut parleurs",
        "ABS",
        "Aide au d\u00e9marrage en c\u00f4te",
        "Aide au freinage d'urgence",
        "Airbag conducteur",
        "Antid\u00e9marrage \u00e9lectronique",
        "Antipatinage",
        "Arr\u00eat et red\u00e9marrage auto. du moteur",
        "Bacs de portes avant",
        "Banquette 2 places",
        "Banquette AV 2 places monobloc",
        "Bavettes arri\u00e8re",
        "Bavettes avant",
        "Boite \u00e0 gants ferm\u00e9e",
        "Clim manuelle",
        "Cloison pleine",
        "Cloison vitr\u00e9e",
        "Commandes du syst\u00e8me audio au volant",
        "Double portes arri\u00e8re de chargement",
        "Enjoliveurs",
        "ESP",
        "Feux de freinage d'urgence",
        "Feux de jour",
        "Filtre \u00e0 particules",
        "Filtre \u00e0 Pollen",
        "Follow me home",
        "Habillage lat\u00e9ral espace de chgt",
        "Kit mains-libres Bluetooth",
        "Lampe de coffre",
        "Lampes de lecture \u00e0 l'avant",
        "Limiteur de vitesse",
        "Ordinateur de bord",
        "Ouverture des vitres s\u00e9quentielle",
        "Phares antibrouillard",
        "Plancher caoutchouc",
        "Porte lat\u00e9rale arri\u00e8re droite",
        "Portes arri\u00e8re battantes",
        "Prise 12V",
        "Prise USB",
        "Radar de stationnement AR",
        "Radar de stationnement AV",
        "Radio",
        "Radio num\u00e9rique DAB",
        "Rangement sous si\u00e8ge passager avant",
        "R\u00e9gulateur de vitesse",
        "R\u00e9p\u00e9titeurs de clignotant dans r\u00e9tro ext",
        "R\u00e9troviseurs d\u00e9givrants",
        "R\u00e9troviseurs \u00e9lectriques",
        "Si\u00e8ge conducteur avec r\u00e9glage lombaire",
        "Si\u00e8ge conducteur r\u00e9glable en hauteur",
        "Si\u00e8ge passager avec r\u00e9glage lombaire",
        "T\u00e9moin de bouclage des ceintures AV",
        "Verrouillage auto. des portes en roulant",
        "Verrouillage centralis\u00e9 \u00e0 distance",
        "Vitres avant \u00e9lectriques",
        "Vitres teint\u00e9es",
        "Volant cuir",
        "Volant multifonction",
        "Volant r\u00e9glable en profondeur et hauteur",
        "4 Haut parleurs",
        "ABS",
        "Aide au d\u00e9marrage en c\u00f4te",
        "Aide au freinage d'urgence",
        "Airbag conducteur",
        "Antid\u00e9marrage \u00e9lectronique",
        "Antipatinage",
        "Arr\u00eat et red\u00e9marrage auto. du moteur",
        "Bacs de portes avant",
        "Banquette 2 places",
        "Banquette AV 2 places monobloc",
        "Bavettes arri\u00e8re",
        "Bavettes avant",
        "Boite \u00e0 gants ferm\u00e9e",
        "Clim manuelle",
        "Cloison pleine",
        "Cloison vitr\u00e9e",
        "Commandes du syst\u00e8me audio au volant",
        "Double portes arri\u00e8re de chargement",
        "Enjoliveurs",
        "ESP",
        "Feux de freinage d'urgence",
        "Feux de jour",
        "Filtre \u00e0 particules",
        "Filtre \u00e0 Pollen",
        "Follow me home",
        "Habillage lat\u00e9ral espace de chgt",
        "Kit mains-libres Bluetooth",
        "Lampe de coffre",
        "Lampes de lecture \u00e0 l'avant",
        "Limiteur de vitesse",
        "Ordinateur de bord",
        "Ouverture des vitres s\u00e9quentielle",
        "Phares antibrouillard",
        "Plancher caoutchouc",
        "Porte lat\u00e9rale arri\u00e8re droite",
        "Portes arri\u00e8re battantes",
        "Prise 12V",
        "Prise USB",
        "Radar de stationnement AR",
        "Radar de stationnement AV",
        "Radio",
        "Radio num\u00e9rique DAB",
        "Rangement sous si\u00e8ge passager avant",
        "R\u00e9gulateur de vitesse",
        "R\u00e9p\u00e9titeurs de clignotant dans r\u00e9tro ext",
        "R\u00e9troviseurs d\u00e9givrants",
        "R\u00e9troviseurs \u00e9lectriques",
        "Si\u00e8ge conducteur avec r\u00e9glage lombaire",
        "Si\u00e8ge conducteur r\u00e9glable en hauteur",
        "Si\u00e8ge passager avec r\u00e9glage lombaire",
        "T\u00e9moin de bouclage des ceintures AV",
        "Verrouillage auto. des portes en roulant",
        "Verrouillage centralis\u00e9 \u00e0 distance",
        "Vitres avant \u00e9lectriques",
        "Vitres teint\u00e9es",
        "Volant cuir",
        "Volant multifonction",
        "Volant r\u00e9glable en profondeur et hauteur"
    ]
}