{
    "marque": "VOLKSWAGEN",
    "modele": "GOLF",
    "couleur": "Blanc Pur",
    "kilometrage": "92 410 Km",
    "boite_de_vitesse": "Manuelle",
    "annee": "2020",
    "prix_ttc": "18 999 \u20ac",
    "puissance_fiscale": "6 CV",
    "type_vehicule": "Berline",
    "carburant": "Diesel",
    "portes": "5 portes",
    "places": "5 places",
    "ville": "REIMS (51100)",
    "garantie": "Garantie Performance 12 mois",
    "mise_en_circulation": "12/08/2020",
    "reference": "1753-2393-24 (acau)",
    "equipements": [],
    "liste_equipements_serie": []
}