{
    "marque": "PEUGEOT",
    "modele": "2008",
    "couleur": "Bleu Vertigo (S)",
    "kilometrage": "8 700 Km",
    "boite_de_vitesse": "Automatique",
    "annee": "2023",
    "prix_ttc": "25 500 \u20ac",
    "puissance_fiscale": "7 CV",
    "type_vehicule": "SUV",
    "carburant": "Essence",
    "portes": "5 portes",
    "places": "5 places",
    "ville": "GRENOBLE (38000)",
    "garantie": "PREMIUM 12 mois",
    "mise_en_circulation": "31/05/2023",
    "reference": "2540-1676-75 (ber2)",
    "equipements": [
        "radar_recul",
        "bluetooth",
        "clim_auto",
        "regulateur_vitesse",
        "feux_led",
        "isofix",
        "jantes_alliage",
        "radar_recul",
        "bluetooth",
        "clim_auto",
        "regulateur_vitesse",
        "feux_led",
        "isofix",
        "jantes_alliage"
    ],
    "liste_equipements_serie": [
        "6 Haut parleurs",
        "ABS",
        "AFIL",
        "Aide au d\u00e9marrage en c\u00f4te",
        "Aide au freinage d'urgence",
        "Airbag conducteur",
        "Airbag passager",
        "Airbags lat\u00e9raux avant",
        "Airbags rideaux",
        "Allumage des phares automatique",
        "Antipatinage",
        "Appui-t\u00eate conducteur r\u00e9glable hauteur",
        "Appui-t\u00eate passager r\u00e9glable en hauteur",
        "Banquette 1/3-2/3",
        "Becquet arri\u00e8re",
        "Capteur de pluie",
        "Ceintures avant ajustables en hauteur",
        "Clim automatique",
        "Contr\u00f4le Dynamique de la Stabilit\u00e9",
        "D\u00e9tecteur de sous-gonflage indirect",
        "Dispositif freinage automatique",
        "ESP",
        "Feux arri\u00e8re \u00e0 LED",
        "Feux de jour \u00e0 LED",
        "Fixations Isofix aux places arri\u00e8res",
        "Follow me home",
        "Freinage automatique d'urgence",
        "Guidage pour manoeuvre de stationnement",
        "i-Cockpit combin\u00e9 analogique LCD",
        "Indicateur de limitation de vitesse",
        "Jantes Alu",
        "Kit mains-libres Bluetooth",
        "Lampe de coffre",
        "Limiteur de vitesse",
        "Orange Fusion (M)",
        "Pare-brise acoustique",
        "Phares avant LED",
        "Phares halog\u00e8nes",
        "Plancher de coffre mobile",
        "Poign\u00e9es ton carrosserie",
        "Radar de stationnement AR",
        "Radio num\u00e9rique DAB",
        "Reconnaissance panneaux de signalisation",
        "R\u00e9gulateur de vitesse",
        "R\u00e9partiteur \u00e9lectronique de freinage",
        "R\u00e9p\u00e9titeurs de clignotant dans r\u00e9tro ext",
        "R\u00e9troviseurs d\u00e9givrants",
        "R\u00e9troviseurs \u00e9lectriques",
        "R\u00e9troviseurs rabattables \u00e9lectriquement",
        "Si\u00e8ge conducteur r\u00e9glable en hauteur",
        "Syst\u00e8me de d\u00e9tection de somnolence",
        "Syst\u00e8me de pr\u00e9vention des collisions",
        "T\u00e9moin de bouclage des ceintures AV",
        "Tri-mati\u00e8res tissu Pneuma 3D Bleu Azure",
        "Verrouillage auto. des portes en roulant",
        "Verrouillage centralis\u00e9 \u00e0 distance",
        "Verrouillage centralis\u00e9 des portes",
        "Vitres arri\u00e8re \u00e9lectriques",
        "Vitres arri\u00e8re surteint\u00e9es",
        "Vitres arri\u00e8re teint\u00e9es",
        "Vitres avant \u00e9lectriques",
        "Volant multifonction",
        "Volant r\u00e9glable en hauteur",
        "Volant r\u00e9glable en profondeur et hauteur",
        "6 Haut parleurs",
        "ABS",
        "AFIL",
        "Aide au d\u00e9marrage en c\u00f4te",
        "Aide au freinage d'urgence",
        "Airbag conducteur",
        "Airbag passager",
        "Airbags lat\u00e9raux avant",
        "Airbags rideaux",
        "Allumage des phares automatique",
        "Antipatinage",
        "Appui-t\u00eate conducteur r\u00e9glable hauteur",
        "Appui-t\u00eate passager r\u00e9glable en hauteur",
        "Banquette 1/3-2/3",
        "Becquet arri\u00e8re",
        "Capteur de pluie",
        "Ceintures avant ajustables en hauteur",
        "Clim automatique",
        "Contr\u00f4le Dynamique de la Stabilit\u00e9",
        "D\u00e9tecteur de sous-gonflage indirect",
        "Dispositif freinage automatique",
        "ESP",
        "Feux arri\u00e8re \u00e0 LED",
        "Feux de jour \u00e0 LED",
        "Fixations Isofix aux places arri\u00e8res",
        "Follow me home",
        "Freinage automatique d'urgence",
        "Guidage pour manoeuvre de stationnement",
        "i-Cockpit combin\u00e9 analogique LCD",
        "Indicateur de limitation de vitesse",
        "Jantes Alu",
        "Kit mains-libres Bluetooth",
        "Lampe de coffre",
        "Limiteur de vitesse",
        "Orange Fusion (M)",
        "Pare-brise acoustique",
        "Phares avant LED",
        "Phares halog\u00e8nes",
        "Plancher de coffre mobile",
        "Poign\u00e9es ton carrosserie",
        "Radar de stationnement AR",
        "Radio num\u00e9rique DAB",
        "Reconnaissance panneaux de signalisation",
        "R\u00e9gulateur de vitesse",
        "R\u00e9partiteur \u00e9lectronique de freinage",
        "R\u00e9p\u00e9titeurs de clignotant dans r\u00e9tro ext",
        "R\u00e9troviseurs d\u00e9givrants",
        "R\u00e9troviseurs \u00e9lectriques",
        "R\u00e9troviseurs rabattables \u00e9lectriquement",
        "Si\u00e8ge conducteur r\u00e9glable en hauteur",
        "Syst\u00e8me de d\u00e9tection de somnolence",
        "Syst\u00e8me de pr\u00e9vention des collisions",
        "T\u00e9moin de bouclage des ceintures AV",
        "Tri-mati\u00e8res tissu Pneuma 3D Bleu Azure",
        "Verrouillage auto. des portes en roulant",
        "Verrouillage centralis\u00e9 \u00e0 distance",
        "Verrouillage centralis\u00e9 des portes",
        "Vitres arri\u00e8re \u00e9lectriques",
        "Vitres arri\u00e8re surteint\u00e9es",
        "Vitres arri\u00e8re teint\u00e9es",
        "Vitres avant \u00e9lectriques",
        "Volant multifonction",
        "Volant r\u00e9glable en hauteur",
        "Volant r\u00e9glable en profondeur et hauteur"
    ]
}