{
    "marque": "PEUGEOT",
    "modele": "208",
    "couleur": "Rouge Ruby",
    "kilometrage": "60 783 Km",
    "boite_de_vitesse": "Manuelle",
    "annee": "2014",
    "prix_ttc": "13 480 \u20ac",
    "puissance_fiscale": "11 CV",
    "type_vehicule": "Berline",
    "carburant": "Essence",
    "portes": "3 portes",
    "places": "5 places",
    "ville": "AIX-EN-PROVENCE (13100)",
    "garantie": "Basic AUTOSPHERE 12 mois",
    "mise_en_circulation": "20/02/2014",
    "reference": "4144-3144-50 (ggp)",
    "equipements": [],
    "liste_equipements_serie": [
        "ABS",
        "Aide au freinage d'urgence",
        "Airbag conducteur",
        "Airbag passager d\u00e9connectable",
        "Airbags lat\u00e9raux avant",
        "Airbags rideaux AV et AR",
        "Antid\u00e9marrage \u00e9lectronique",
        "Antipatinage",
        "Bacs de portes avant",
        "Banquette 1/3-2/3",
        "Banquette AR rabattable",
        "Banquette arri\u00e8re 3 places",
        "Becquet arri\u00e8re",
        "Boite \u00e0 gants ferm\u00e9e",
        "Boucliers AV et AR couleur caisse",
        "Calandre chrom\u00e9e",
        "Ceinture de vitrage chrom\u00e9e",
        "Climatisation automatique bi-zones",
        "Compte tours",
        "EBD",
        "Echappement \u00e0 double sortie",
        "Ecran tactile",
        "ESP",
        "Essuie-glace arri\u00e8re",
        "Feux de freinage d'urgence",
        "Feux de jour \u00e0 LED",
        "Filtre \u00e0 Pollen",
        "Kit anti-crevaison",
        "Kit mains-libres Bluetooth",
        "Lampe de coffre",
        "Limiteur de vitesse",
        "Miroir de courtoisie conducteur \u00e9clair\u00e9",
        "Miroir de courtoisie passager \u00e9clair\u00e9",
        "Navigation et USB d\u00e9port\u00e9",
        "Ordinateur de bord",
        "Ouverture des vitres s\u00e9quentielle",
        "Pack visibilit\u00e9",
        "Phares halog\u00e8nes",
        "Poches d'aumoni\u00e8res",
        "Pr\u00e9paration Isofix",
        "Prise 12V",
        "Proj. antibrouillard avec enj. chrom\u00e9s",
        "Radar de recul",
        "R\u00e9gulateur de vitesse",
        "R\u00e9p\u00e9titeurs de clignotant dans r\u00e9tro ext",
        "R\u00e9tro ext\u00e9 rabattables \u00e9lectriquement",
        "R\u00e9troviseurs d\u00e9givrants",
        "R\u00e9troviseurs \u00e9lectriques",
        "Roue de secours alliage 17\"",
        "Si\u00e8ges avant sport",
        "Si\u00e8ges AV r\u00e9glables en hauteur",
        "Sortie d'\u00e9chappement chrom\u00e9e",
        "Suspensions Sport",
        "Tablette cache bagages",
        "Temp\u00e9rature ext\u00e9rieure",
        "Troisi\u00e8me ceinture de s\u00e9curit\u00e9",
        "Verrouillage auto. des portes en roulant",
        "Verrouillage centralis\u00e9 \u00e0 distance",
        "Vitres avant \u00e9lectriques",
        "Vitres teint\u00e9es",
        "Volant cuir + commandes audio au volant",
        "Volant r\u00e9glable en profondeur et hauteur",
        "Volant sport",
        "ABS",
        "Aide au freinage d'urgence",
        "Airbag conducteur",
        "Airbag passager d\u00e9connectable",
        "Airbags lat\u00e9raux avant",
        "Airbags rideaux AV et AR",
        "Antid\u00e9marrage \u00e9lectronique",
        "Antipatinage",
        "Bacs de portes avant",
        "Banquette 1/3-2/3",
        "Banquette AR rabattable",
        "Banquette arri\u00e8re 3 places",
        "Becquet arri\u00e8re",
        "Boite \u00e0 gants ferm\u00e9e",
        "Boucliers AV et AR couleur caisse",
        "Calandre chrom\u00e9e",
        "Ceinture de vitrage chrom\u00e9e",
        "Climatisation automatique bi-zones",
        "Compte tours",
        "EBD",
        "Echappement \u00e0 double sortie",
        "Ecran tactile",
        "ESP",
        "Essuie-glace arri\u00e8re",
        "Feux de freinage d'urgence",
        "Feux de jour \u00e0 LED",
        "Filtre \u00e0 Pollen",
        "Kit anti-crevaison",
        "Kit mains-libres Bluetooth",
        "Lampe de coffre",
        "Limiteur de vitesse",
        "Miroir de courtoisie conducteur \u00e9clair\u00e9",
        "Miroir de courtoisie passager \u00e9clair\u00e9",
        "Navigation et USB d\u00e9port\u00e9",
        "Ordinateur de bord",
        "Ouverture des vitres s\u00e9quentielle",
        "Pack visibilit\u00e9",
        "Phares halog\u00e8nes",
        "Poches d'aumoni\u00e8res",
        "Pr\u00e9paration Isofix",
        "Prise 12V",
        "Proj. antibrouillard avec enj. chrom\u00e9s",
        "Radar de recul",
        "R\u00e9gulateur de vitesse",
        "R\u00e9p\u00e9titeurs de clignotant dans r\u00e9tro ext",
        "R\u00e9tro ext\u00e9 rabattables \u00e9lectriquement",
        "R\u00e9troviseurs d\u00e9givrants",
        "R\u00e9troviseurs \u00e9lectriques",
        "Roue de secours alliage 17\"",
        "Si\u00e8ges avant sport",
        "Si\u00e8ges AV r\u00e9glables en hauteur",
        "Sortie d'\u00e9chappement chrom\u00e9e",
        "Suspensions Sport",
        "Tablette cache bagages",
        "Temp\u00e9rature ext\u00e9rieure",
        "Troisi\u00e8me ceinture de s\u00e9curit\u00e9",
        "Verrouillage auto. des portes en roulant",
        "Verrouillage centralis\u00e9 \u00e0 distance",
        "Vitres avant \u00e9lectriques",
        "Vitres teint\u00e9es",
        "Volant cuir + commandes audio au volant",
        "Volant r\u00e9glable en profondeur et hauteur",
        "Volant sport"
    ]
}