{
    "marque": "PEUGEOT",
    "modele": "PARTNER",
    "couleur": "Blanc Icy",
    "kilometrage": "500 Km",
    "boite_de_vitesse": "Manuelle",
    "annee": "2023",
    "prix_ttc": "26 255 \u20ac",
    "puissance_fiscale": "5 CV",
    "type_vehicule": "Utilitaire",
    "carburant": "Diesel",
    "portes": "4 portes",
    "places": "2 places",
    "ville": "AVIGNON (84000)",
    "garantie": "Spoticar-Premium 24 Mois",
    "mise_en_circulation": "29/09/2023",
    "reference": "3884-6885-35 (vasa)",
    "equipements": [],
    "liste_equipements_serie": [
        "4 Haut parleurs",
        "ABS",
        "Aide au d\u00e9marrage en c\u00f4te",
        "Aide au freinage d'urgence",
        "Airbag conducteur",
        "Antid\u00e9marrage \u00e9lectronique",
        "Antipatinage",
        "Appui-t\u00eate conducteur r\u00e9glable hauteur",
        "Appui-t\u00eate passager r\u00e9glable en hauteur",
        "Arr\u00eat et red\u00e9marrage auto. du moteur",
        "Assistance de maintient de trajectoire",
        "Bacs de portes avant",
        "Boite \u00e0 gants \u00e9clair\u00e9e et r\u00e9frig\u00e9rable",
        "Boite \u00e0 gants ferm\u00e9e",
        "Capteur de luminosit\u00e9",
        "Ceintures avant ajustables en hauteur",
        "Clim manuelle",
        "Cloison pleine",
        "D\u00e9tecteur de sous-gonflage",
        "Double portes arri\u00e8re de chargement",
        "EBD",
        "Ecran tactile",
        "ESP",
        "Filtre \u00e0 particules",
        "Filtre \u00e0 Pollen",
        "Fonction MP3",
        "Kit mains-libres Bluetooth",
        "Lampe de coffre",
        "Limiteur de vitesse",
        "Ordinateur de bord",
        "Phares halog\u00e8nes",
        "Porte-gobelets avant",
        "Porte lat\u00e9rale arri\u00e8re droite",
        "Prise 12V",
        "Prise USB",
        "Radio",
        "Radio num\u00e9rique DAB",
        "Rangement sous si\u00e8ge passager avant",
        "R\u00e9gulateur de vitesse",
        "R\u00e9troviseurs d\u00e9givrants",
        "R\u00e9troviseurs \u00e9lectriques",
        "Tissus Curitiba Triton Meltem",
        "Verrouillage centralis\u00e9 \u00e0 distance",
        "Verrouillage centralis\u00e9 des portes",
        "Vitres avant \u00e9lectriques",
        "Volant r\u00e9glable en profondeur et hauteur",
        "4 Haut parleurs",
        "ABS",
        "Aide au d\u00e9marrage en c\u00f4te",
        "Aide au freinage d'urgence",
        "Airbag conducteur",
        "Antid\u00e9marrage \u00e9lectronique",
        "Antipatinage",
        "Appui-t\u00eate conducteur r\u00e9glable hauteur",
        "Appui-t\u00eate passager r\u00e9glable en hauteur",
        "Arr\u00eat et red\u00e9marrage auto. du moteur",
        "Assistance de maintient de trajectoire",
        "Bacs de portes avant",
        "Boite \u00e0 gants \u00e9clair\u00e9e et r\u00e9frig\u00e9rable",
        "Boite \u00e0 gants ferm\u00e9e",
        "Capteur de luminosit\u00e9",
        "Ceintures avant ajustables en hauteur",
        "Clim manuelle",
        "Cloison pleine",
        "D\u00e9tecteur de sous-gonflage",
        "Double portes arri\u00e8re de chargement",
        "EBD",
        "Ecran tactile",
        "ESP",
        "Filtre \u00e0 particules",
        "Filtre \u00e0 Pollen",
        "Fonction MP3",
        "Kit mains-libres Bluetooth",
        "Lampe de coffre",
        "Limiteur de vitesse",
        "Ordinateur de bord",
        "Phares halog\u00e8nes",
        "Porte-gobelets avant",
        "Porte lat\u00e9rale arri\u00e8re droite",
        "Prise 12V",
        "Prise USB",
        "Radio",
        "Radio num\u00e9rique DAB",
        "Rangement sous si\u00e8ge passager avant",
        "R\u00e9gulateur de vitesse",
        "R\u00e9troviseurs d\u00e9givrants",
        "R\u00e9troviseurs \u00e9lectriques",
        "Tissus Curitiba Triton Meltem",
        "Verrouillage centralis\u00e9 \u00e0 distance",
        "Verrouillage centralis\u00e9 des portes",
        "Vitres avant \u00e9lectriques",
        "Volant r\u00e9glable en profondeur et hauteur"
    ]
}