{
    "marque": "PEUGEOT",
    "modele": "308",
    "couleur": "Noir Perla Nera (M)",
    "kilometrage": "230 Km",
    "boite_de_vitesse": "Manuelle",
    "annee": "2023",
    "prix_ttc": "27 990 \u20ac",
    "puissance_fiscale": "7 CV",
    "type_vehicule": "Berline",
    "carburant": "Diesel",
    "portes": "5 portes",
    "places": "5 places",
    "ville": "COMPI\u00c8GNE (60200)",
    "garantie": "PREMIUM 12 mois",
    "mise_en_circulation": "31/03/2023",
    "reference": "3377-7200-18 (abcc)",
    "equipements": [],
    "liste_equipements_serie": [
        "ABS",
        "Accoudoir central AV avec rangement",
        "AFIL",
        "Aide au d\u00e9marrage en c\u00f4te",
        "Aide au freinage d'urgence",
        "Airbag conducteur",
        "Airbag passager d\u00e9connectable",
        "Airbags lat\u00e9raux avant",
        "Airbags rideaux",
        "Airbags rideaux AR",
        "Allumage des phares automatique",
        "Antipatinage",
        "Appui-t\u00eate conducteur r\u00e9glable hauteur",
        "Appui-t\u00eate passager r\u00e9glable en hauteur",
        "Arr\u00eat et red\u00e9marrage auto. du moteur",
        "Banquette 1/3-2/3",
        "Banquette AR rabattable",
        "Capteur de pluie",
        "Clim automatique bi-zones",
        "Commandes du syst\u00e8me audio au volant",
        "D\u00e9marrage sans cl\u00e9",
        "D\u00e9tecteur de sous-gonflage",
        "Eclairage au sol",
        "Ecran multifonction couleur",
        "Ecran tactile",
        "ESP",
        "Feux arri\u00e8re \u00e0 LED",
        "Feux de freinage d'urgence",
        "Feux de jour \u00e0 LED",
        "Fixations Isofix aux places arri\u00e8res",
        "Freinage automatique d'urgence",
        "Frein stationnement \u00e9lectrique",
        "Guidage pour manoeuvre de stationnement",
        "Interface Media",
        "Jantes Alu",
        "Limiteur de vitesse",
        "Ouverture des vitres s\u00e9quentielle",
        "Pare-brise acoustique",
        "Phares avant LED",
        "Prise 12V",
        "Prise USB",
        "Radar de stationnement AR",
        "Radio num\u00e9rique DAB",
        "R\u00e9gulateur de vitesse",
        "R\u00e9partiteur \u00e9lectronique de freinage",
        "R\u00e9p\u00e9titeurs de clignotant dans r\u00e9tro ext",
        "R\u00e9troviseur int\u00e9rieur \u00e9lectrochrome",
        "R\u00e9troviseurs d\u00e9givrants",
        "R\u00e9troviseurs \u00e9lectriques",
        "R\u00e9troviseurs rabattables \u00e9lectriquement",
        "Sellerie Tri-mati\u00e8res Tissu Renze",
        "Si\u00e8ge conducteur avec r\u00e9glage lombaire",
        "Si\u00e8ge conducteur r\u00e9glable en hauteur",
        "Si\u00e8ge passager r\u00e9glable en hauteur",
        "Syst\u00e8me de d\u00e9tection de somnolence",
        "T\u00e9moin de bouclage des ceintures AV",
        "Troisi\u00e8me ceinture de s\u00e9curit\u00e9",
        "Verrouillage auto. des portes en roulant",
        "Verrouillage centralis\u00e9 \u00e0 distance",
        "Verrouillage centralis\u00e9 des portes",
        "Vitres arri\u00e8re \u00e9lectriques",
        "Vitres avant \u00e9lectriques",
        "Volant multifonction",
        "Volant r\u00e9glable en profondeur et hauteur",
        "ABS",
        "Accoudoir central AV avec rangement",
        "AFIL",
        "Aide au d\u00e9marrage en c\u00f4te",
        "Aide au freinage d'urgence",
        "Airbag conducteur",
        "Airbag passager d\u00e9connectable",
        "Airbags lat\u00e9raux avant",
        "Airbags rideaux",
        "Airbags rideaux AR",
        "Allumage des phares automatique",
        "Antipatinage",
        "Appui-t\u00eate conducteur r\u00e9glable hauteur",
        "Appui-t\u00eate passager r\u00e9glable en hauteur",
        "Arr\u00eat et red\u00e9marrage auto. du moteur",
        "Banquette 1/3-2/3",
        "Banquette AR rabattable",
        "Capteur de pluie",
        "Clim automatique bi-zones",
        "Commandes du syst\u00e8me audio au volant",
        "D\u00e9marrage sans cl\u00e9",
        "D\u00e9tecteur de sous-gonflage",
        "Eclairage au sol",
        "Ecran multifonction couleur",
        "Ecran tactile",
        "ESP",
        "Feux arri\u00e8re \u00e0 LED",
        "Feux de freinage d'urgence",
        "Feux de jour \u00e0 LED",
        "Fixations Isofix aux places arri\u00e8res",
        "Freinage automatique d'urgence",
        "Frein stationnement \u00e9lectrique",
        "Guidage pour manoeuvre de stationnement",
        "Interface Media",
        "Jantes Alu",
        "Limiteur de vitesse",
        "Ouverture des vitres s\u00e9quentielle",
        "Pare-brise acoustique",
        "Phares avant LED",
        "Prise 12V",
        "Prise USB",
        "Radar de stationnement AR",
        "Radio num\u00e9rique DAB",
        "R\u00e9gulateur de vitesse",
        "R\u00e9partiteur \u00e9lectronique de freinage",
        "R\u00e9p\u00e9titeurs de clignotant dans r\u00e9tro ext",
        "R\u00e9troviseur int\u00e9rieur \u00e9lectrochrome",
        "R\u00e9troviseurs d\u00e9givrants",
        "R\u00e9troviseurs \u00e9lectriques",
        "R\u00e9troviseurs rabattables \u00e9lectriquement",
        "Sellerie Tri-mati\u00e8res Tissu Renze",
        "Si\u00e8ge conducteur avec r\u00e9glage lombaire",
        "Si\u00e8ge conducteur r\u00e9glable en hauteur",
        "Si\u00e8ge passager r\u00e9glable en hauteur",
        "Syst\u00e8me de d\u00e9tection de somnolence",
        "T\u00e9moin de bouclage des ceintures AV",
        "Troisi\u00e8me ceinture de s\u00e9curit\u00e9",
        "Verrouillage auto. des portes en roulant",
        "Verrouillage centralis\u00e9 \u00e0 distance",
        "Verrouillage centralis\u00e9 des portes",
        "Vitres arri\u00e8re \u00e9lectriques",
        "Vitres avant \u00e9lectriques",
        "Volant multifonction",
        "Volant r\u00e9glable en profondeur et hauteur"
    ]
}