{
    "marque": "DACIA",
    "modele": "LODGY",
    "couleur": "Gris Com\u00e8te",
    "kilometrage": "97 709 Km",
    "boite_de_vitesse": "Manuelle",
    "annee": "2015",
    "prix_ttc": "9 299 \u20ac",
    "puissance_fiscale": "6 CV",
    "type_vehicule": "Monospace",
    "carburant": "Essence",
    "portes": "5 portes",
    "places": "5 places",
    "ville": "REIMS (51100)",
    "garantie": "-",
    "mise_en_circulation": "30/12/2015",
    "reference": "1043-9860-07 (re51c2)",
    "equipements": [],
    "liste_equipements_serie": [
        "4 Haut parleurs",
        "ABS",
        "Aide au freinage d'urgence",
        "Airbag conducteur",
        "Airbag passager d\u00e9connectable",
        "Airbags lat\u00e9raux avant",
        "Antid\u00e9marrage \u00e9lectronique",
        "Bacs de portes arri\u00e8re",
        "Bacs de portes avant",
        "Banquette 1/3-2/3",
        "Banquette AR rabattable",
        "Banquette arri\u00e8re 3 places",
        "Barres de toit",
        "Boucliers AV et AR couleur caisse",
        "Clim manuelle",
        "Commandes du syst\u00e8me audio au volant",
        "Compte tours",
        "Direction assist\u00e9e",
        "EBD",
        "Essuie-glace arri\u00e8re",
        "Feux de jour",
        "Fonction MP3",
        "Kit anti-crevaison",
        "Kit Fumeur",
        "Kit mains-libres Bluetooth",
        "Lampe de coffre",
        "Lecteur CD",
        "Ordinateur de bord",
        "Phares halog\u00e8nes",
        "Porte-gobelets arri\u00e8re",
        "Porte-gobelets avant",
        "Pr\u00e9paration Isofix",
        "Prise 12V",
        "Prise auxiliaire de connexion audio",
        "Prise Jack",
        "Prise USB",
        "Radio",
        "R\u00e9troviseurs ext\u00e9rieurs \u00e0 r\u00e9glage manuel",
        "Sellerie Elfyr",
        "Si\u00e8ges rang 2 rabattables \u00e0 plat",
        "Tablette cache bagages",
        "Troisi\u00e8me ceinture de s\u00e9curit\u00e9",
        "Verrouillage centralis\u00e9 \u00e0 distance",
        "Vitres avant \u00e9lectriques",
        "Vitres teint\u00e9es",
        "4 Haut parleurs",
        "ABS",
        "Aide au freinage d'urgence",
        "Airbag conducteur",
        "Airbag passager d\u00e9connectable",
        "Airbags lat\u00e9raux avant",
        "Antid\u00e9marrage \u00e9lectronique",
        "Bacs de portes arri\u00e8re",
        "Bacs de portes avant",
        "Banquette 1/3-2/3",
        "Banquette AR rabattable",
        "Banquette arri\u00e8re 3 places",
        "Barres de toit",
        "Boucliers AV et AR couleur caisse",
        "Clim manuelle",
        "Commandes du syst\u00e8me audio au volant",
        "Compte tours",
        "Direction assist\u00e9e",
        "EBD",
        "Essuie-glace arri\u00e8re",
        "Feux de jour",
        "Fonction MP3",
        "Kit anti-crevaison",
        "Kit Fumeur",
        "Kit mains-libres Bluetooth",
        "Lampe de coffre",
        "Lecteur CD",
        "Ordinateur de bord",
        "Phares halog\u00e8nes",
        "Porte-gobelets arri\u00e8re",
        "Porte-gobelets avant",
        "Pr\u00e9paration Isofix",
        "Prise 12V",
        "Prise auxiliaire de connexion audio",
        "Prise Jack",
        "Prise USB",
        "Radio",
        "R\u00e9troviseurs ext\u00e9rieurs \u00e0 r\u00e9glage manuel",
        "Sellerie Elfyr",
        "Si\u00e8ges rang 2 rabattables \u00e0 plat",
        "Tablette cache bagages",
        "Troisi\u00e8me ceinture de s\u00e9curit\u00e9",
        "Verrouillage centralis\u00e9 \u00e0 distance",
        "Vitres avant \u00e9lectriques",
        "Vitres teint\u00e9es"
    ]
}