{
    "marque": "RENAULT",
    "modele": "CLIO ESTATE",
    "couleur": "Noire",
    "kilometrage": "127 072 Km",
    "boite_de_vitesse": "Manuelle",
    "annee": "2018",
    "prix_ttc": "10 299 \u20ac",
    "puissance_fiscale": "4 CV",
    "type_vehicule": "Break",
    "carburant": "Diesel",
    "portes": "5 portes",
    "places": "5 places",
    "ville": "ALBERTVILLE (73200)",
    "garantie": "12 mois pi\u00e8ces et main d'oeuvre",
    "mise_en_circulation": "27/06/2018",
    "reference": "1606-5637-78 (re73c3)",
    "equipements": [],
    "liste_equipements_serie": []
}