{
    "marque": "DS",
    "modele": "DS 3 CROSSBACK",
    "couleur": "Gris Artense (M)",
    "kilometrage": "79 200 Km",
    "boite_de_vitesse": "Automatique",
    "annee": "2020",
    "prix_ttc": "18 467 \u20ac",
    "puissance_fiscale": "5 CV",
    "type_vehicule": "SUV",
    "carburant": "Electrique",
    "portes": "5 portes",
    "places": "5 places",
    "ville": "REIMS (51100)",
    "garantie": "Spoticar-Premium 12 Mois",
    "mise_en_circulation": "16/11/2020",
    "reference": "4868-6004-50 (ct51c2)",
    "equipements": [],
    "liste_equipements_serie": [
        "8 Haut parleurs",
        "ABS",
        "DS Connect Box",
        "Syst. audio tabl. tactile+Mirror Screen",
        "Accoudoir central AV",
        "AFIL",
        "Aide au d\u00e9marrage en c\u00f4te",
        "Aide au freinage d'urgence",
        "Aide au stationnement avant et arri\u00e8re",
        "Airbag conducteur",
        "Airbag passager",
        "Airbag passager d\u00e9connectable",
        "Airbags lat\u00e9raux arri\u00e8re",
        "Airbags lat\u00e9raux avant",
        "Airbags rideaux",
        "Airbags rideaux AR",
        "Allumage des phares automatique",
        "Antipatinage",
        "Appuis-t\u00eate avant actifs",
        "Bacs de portes arri\u00e8re",
        "Bacs de portes avant",
        "Banquette AR 2 places 1/3-2/3",
        "Becquet arri\u00e8re",
        "Boite \u00e0 gants ferm\u00e9e",
        "Capteur de pluie",
        "Clim automatique bi-zones",
        "Contr\u00f4le de Traction Intelligent",
        "Contr\u00f4le electronique de stabilit\u00e9",
        "D\u00e9tecteur de sous-gonflage",
        "DS Wings Noir paillet\u00e9 textur\u00e9",
        "Ecran tactile",
        "ESP",
        "Essuie-glace arri\u00e8re",
        "Feux de freinage d'urgence",
        "Feux de jour \u00e0 LED",
        "Fixation Isofix si\u00e8ge passager avant",
        "Fixations Isofix aux places arri\u00e8res",
        "Follow me home",
        "Freinage automatique d'urgence",
        "Freinage urgence auto. + Pack S\u00e9curit\u00e9",
        "Frein stationnement \u00e9lectrique automatiq",
        "Inspi. PERFORMANCE Line",
        "JA 17\" DUBAI",
        "Jantes Alu",
        "Kit mains-libres Bluetooth",
        "Lampe de coffre",
        "Lampes de lecture \u00e0 l'arri\u00e8re",
        "Lampes de lecture \u00e0 l'avant",
        "Limiteur de vitesse",
        "Lunette arri\u00e8re surteint\u00e9e",
        "Miroir de courtoisie conducteur \u00e9clair\u00e9",
        "Miroir de courtoisie passager \u00e9clair\u00e9",
        "Ordinateur de bord",
        "Ouverture des vitres s\u00e9quentielle",
        "Pare-brise acoustique",
        "P\u00e9dalier sport",
        "Phares halog\u00e8nes",
        "Plafonnier central AV et AR \u00e0 LED",
        "Poches d'aumoni\u00e8res",
        "Porte-gobelets avant",
        "Prise 12V",
        "Prise USB",
        "Radar de stationnement AR",
        "Radio",
        "Reconnaissance panneaux de signalisation",
        "R\u00e9gulateur de vitesse",
        "R\u00e9partiteur \u00e9lectronique de freinage",
        "R\u00e9tro. Int. \u00e9lectrochrome sans cadre",
        "R\u00e9troviseurs d\u00e9givrants",
        "R\u00e9troviseurs \u00e9lectriques",
        "R\u00e9troviseurs rabattables \u00e9lectriquement",
        "Roue de secours galette",
        "Si\u00e8ge conducteur r\u00e9glable en hauteur",
        "Si\u00e8ge passager r\u00e9glable en hauteur",
        "Syst\u00e8me Hi-Fi Surround",
        "T\u00e9moin de bouclage des ceintures AV",
        "Tissu Tress\u00e9 Basalte + Alcant PERF. Line",
        "Verrouillage auto. des portes en roulant",
        "Verrouillage centralis\u00e9 \u00e0 distance",
        "Verrouillage centralis\u00e9 des portes",
        "Vitres arri\u00e8re \u00e9lectriques",
        "Vitres arri\u00e8re surteint\u00e9es",
        "Vitres avant \u00e9lectriques",
        "Vitres teint\u00e9es",
        "Volant r\u00e9glable en profondeur et hauteur",
        "8 Haut parleurs",
        "ABS",
        "DS Connect Box",
        "Syst. audio tabl. tactile+Mirror Screen",
        "Accoudoir central AV",
        "AFIL",
        "Aide au d\u00e9marrage en c\u00f4te",
        "Aide au freinage d'urgence",
        "Aide au stationnement avant et arri\u00e8re",
        "Airbag conducteur",
        "Airbag passager",
        "Airbag passager d\u00e9connectable",
        "Airbags lat\u00e9raux arri\u00e8re",
        "Airbags lat\u00e9raux avant",
        "Airbags rideaux",
        "Airbags rideaux AR",
        "Allumage des phares automatique",
        "Antipatinage",
        "Appuis-t\u00eate avant actifs",
        "Bacs de portes arri\u00e8re",
        "Bacs de portes avant",
        "Banquette AR 2 places 1/3-2/3",
        "Becquet arri\u00e8re",
        "Boite \u00e0 gants ferm\u00e9e",
        "Capteur de pluie",
        "Clim automatique bi-zones",
        "Contr\u00f4le de Traction Intelligent",
        "Contr\u00f4le electronique de stabilit\u00e9",
        "D\u00e9tecteur de sous-gonflage",
        "DS Wings Noir paillet\u00e9 textur\u00e9",
        "Ecran tactile",
        "ESP",
        "Essuie-glace arri\u00e8re",
        "Feux de freinage d'urgence",
        "Feux de jour \u00e0 LED",
        "Fixation Isofix si\u00e8ge passager avant",
        "Fixations Isofix aux places arri\u00e8res",
        "Follow me home",
        "Freinage automatique d'urgence",
        "Freinage urgence auto. + Pack S\u00e9curit\u00e9",
        "Frein stationnement \u00e9lectrique automatiq",
        "Inspi. PERFORMANCE Line",
        "JA 17\" DUBAI",
        "Jantes Alu",
        "Kit mains-libres Bluetooth",
        "Lampe de coffre",
        "Lampes de lecture \u00e0 l'arri\u00e8re",
        "Lampes de lecture \u00e0 l'avant",
        "Limiteur de vitesse",
        "Lunette arri\u00e8re surteint\u00e9e",
        "Miroir de courtoisie conducteur \u00e9clair\u00e9",
        "Miroir de courtoisie passager \u00e9clair\u00e9",
        "Ordinateur de bord",
        "Ouverture des vitres s\u00e9quentielle",
        "Pare-brise acoustique",
        "P\u00e9dalier sport",
        "Phares halog\u00e8nes",
        "Plafonnier central AV et AR \u00e0 LED",
        "Poches d'aumoni\u00e8res",
        "Porte-gobelets avant",
        "Prise 12V",
        "Prise USB",
        "Radar de stationnement AR",
        "Radio",
        "Reconnaissance panneaux de signalisation",
        "R\u00e9gulateur de vitesse",
        "R\u00e9partiteur \u00e9lectronique de freinage",
        "R\u00e9tro. Int. \u00e9lectrochrome sans cadre",
        "R\u00e9troviseurs d\u00e9givrants",
        "R\u00e9troviseurs \u00e9lectriques",
        "R\u00e9troviseurs rabattables \u00e9lectriquement",
        "Roue de secours galette",
        "Si\u00e8ge conducteur r\u00e9glable en hauteur",
        "Si\u00e8ge passager r\u00e9glable en hauteur",
        "Syst\u00e8me Hi-Fi Surround",
        "T\u00e9moin de bouclage des ceintures AV",
        "Tissu Tress\u00e9 Basalte + Alcant PERF. Line",
        "Verrouillage auto. des portes en roulant",
        "Verrouillage centralis\u00e9 \u00e0 distance",
        "Verrouillage centralis\u00e9 des portes",
        "Vitres arri\u00e8re \u00e9lectriques",
        "Vitres arri\u00e8re surteint\u00e9es",
        "Vitres avant \u00e9lectriques",
        "Vitres teint\u00e9es",
        "Volant r\u00e9glable en profondeur et hauteur"
    ]
}