{
    "marque": "VOLVO",
    "modele": "XC60",
    "couleur": "Gris Tonnerre M\u00e9tallis\u00e9",
    "kilometrage": "50 074 Km",
    "boite_de_vitesse": "Automatique",
    "annee": "2022",
    "prix_ttc": "49 990 \u20ac",
    "puissance_fiscale": "11 CV",
    "type_vehicule": "SUV",
    "carburant": "5 portes",
    "portes": "5 places",
    "places": "THIONVILLE (57100)",
    "ville": "VOLVO SELEKT 12 mois",
    "garantie": "15/07/2022",
    "mise_en_circulation": "3843-5124-10 (vv57c3)",
    "reference": "Soci\u00e9t\u00e9",
    "equipements": [
        "cam_recul",
        "radar_recul",
        "gps",
        "tete_haute",
        "bluetooth",
        "clim_auto",
        "regulateur_vitesse",
        "feux_led",
        "isofix",
        "jantes_alliage",
        "cam_recul",
        "radar_recul",
        "gps",
        "tete_haute",
        "bluetooth",
        "clim_auto",
        "regulateur_vitesse",
        "feux_led",
        "isofix",
        "jantes_alliage"
    ],
    "liste_equipements_serie": [
        "14 Haut parleurs",
        "ABS",
        "Accoudoir central AV avec rangement",
        "Affichage t\u00eate haute",
        "AFIL",
        "Aide au d\u00e9marrage en c\u00f4te",
        "Aide au freinage d'urgence",
        "Airbag conducteur",
        "Airbag genoux",
        "Airbag passager d\u00e9connectable",
        "Airbags lat\u00e9raux avant",
        "Airbags rideaux",
        "Antid\u00e9marrage \u00e9lectronique",
        "Antipatinage",
        "Appel d'Urgence Localis\u00e9",
        "Appuis-t\u00eate avant actifs",
        "Arr\u00eat et red\u00e9marrage auto. du moteur",
        "Assistance de maintien de trajectoire",
        "Bacs de portes arri\u00e8re",
        "Bacs de portes avant",
        "Banquette 60/40",
        "Banquette AR rabattable",
        "Banquette arri\u00e8re 3 places",
        "Becquet arri\u00e8re",
        "Boite \u00e0 gants ferm\u00e9e",
        "Borne Wi-Fi",
        "Boucliers AV et AR couleur caisse",
        "Calandre chrom\u00e9e",
        "Cam\u00e9ra de recul",
        "Capteur de luminosit\u00e9",
        "Capteur de pluie",
        "Ceintures avant ajustables en hauteur",
        "Ceintures rang2 ajustables en hauteur",
        "Clim automatique bi-zones",
        "Clim automatique quatre-zones",
        "Coffre assist\u00e9 \u00e9lectriquement",
        "Commande du comportement dynamique",
        "Commande Mode ECO",
        "Commandes du syst\u00e8me audio au volant",
        "Commandes vocales",
        "Compte tours",
        "Contr\u00f4le de Traction Intelligent",
        "Contr\u00f4le optimal du roulis",
        "Correcteur d'assiette",
        "D\u00e9marrage sans cl\u00e9",
        "D\u00e9tecteur de sous-gonflage",
        "Diff\u00e9rentiel \u00e0 glissement limit\u00e9",
        "Diffuseur AR noir",
        "EBD",
        "Echappement \u00e0 double sortie",
        "Eclairage au sol",
        "Eclairage d'ambiance",
        "Ecran multifonction couleur",
        "Ecran tactile",
        "ESP",
        "Essuie-glace arri\u00e8re",
        "Feux arri\u00e8re \u00e0 LED",
        "Feux de freinage d'urgence",
        "Feux de jour \u00e0 LED",
        "Filets de coffre",
        "Filtre \u00e0 particules",
        "Filtre \u00e0 Pollen",
        "Fixations Isofix aux places arri\u00e8res",
        "Follow me home",
        "Fonction MP3",
        "Freinage automatique d'urgence",
        "GPS Cartographique",
        "Interface Media",
        "Jantes Alu",
        "Kit mains-libres Bluetooth",
        "Lampe de coffre",
        "Lampes de lecture \u00e0 l'arri\u00e8re",
        "Lampes de lecture \u00e0 l'avant",
        "Lave-phares",
        "Limiteur de vitesse",
        "Lunette AR d\u00e9givrante",
        "Miroir de courtoisie conducteur \u00e9clair\u00e9",
        "Miroir de courtoisie passager \u00e9clair\u00e9",
        "Ordinateur de bord",
        "Ouverture des vitres s\u00e9quentielle",
        "Ouverture du coffre mains-libres",
        "Phares antibrouillard LED",
        "Phares avant + LED",
        "Phares avant LED",
        "Phares de route adaptatifs",
        "Phares directionnels",
        "Poign\u00e9es ton carrosserie",
        "Pommeau de levier vitesse en cuir",
        "Porte-gobelets avant",
        "Prise 12V",
        "Prise auxiliaire de connexion audio",
        "Prise USB",
        "Radar de distance",
        "Radar de stationnement AR",
        "Radar de stationnement AV",
        "Radio",
        "Radio num\u00e9rique DAB",
        "Reconnaissance panneaux de signalisation",
        "R\u00e9gulateur de vitesse",
        "R\u00e9gulateur de vitesse adaptatif",
        "R\u00e9gulateur de vitesse et de distance",
        "R\u00e9p\u00e9titeurs de clignotant dans r\u00e9tro ext",
        "R\u00e9troviseur int\u00e9rieur \u00e9lectrochrome",
        "R\u00e9troviseurs \u00e9lectriques",
        "R\u00e9troviseurs ext\u00e9rieurs \u00e9lectrochromes",
        "R\u00e9troviseurs rabattables \u00e9lectriquement",
        "Services connect\u00e9s",
        "Si\u00e8ge cond. avec r\u00e9glage lombaire \u00e9lectr",
        "Si\u00e8ge conducteur \u00e0 m\u00e9moire",
        "Si\u00e8ge conducteur avec r\u00e9glage lombaire",
        "Si\u00e8ge conducteur chauffant",
        "Si\u00e8ge conducteur \u00e9lectrique",
        "Si\u00e8ge conducteur r\u00e9glable en hauteur",
        "Si\u00e8ge passager \u00e0 m\u00e9moire",
        "Si\u00e8ge passager \u00e0 r\u00e9glages \u00e9lectriques",
        "Si\u00e8ge passager avec r\u00e9glage lombaire",
        "Si\u00e8ge passager r\u00e9glable en hauteur",
        "Si\u00e8ges arri\u00e8re chauffants",
        "Si\u00e8ges AV  avec r\u00e9glage lombaire \u00e9lectr",
        "Si\u00e8ges rang 2 rabattables \u00e0 plat",
        "Stations de webradio",
        "Syst\u00e8me d'acc\u00e8s sans cl\u00e9",
        "Syst\u00e8me d'alerte de v\u00e9hicule en approche",
        "Syst\u00e8me d'assistance \u00e0 la descente",
        "Syst\u00e8me de d\u00e9tection de somnolence",
        "Syst\u00e8me de localisation par satellite",
        "Syst\u00e8me de maintien du v\u00e9hicule en c\u00f4te",
        "Syst\u00e8me de pr\u00e9vention des collisions",
        "Syst\u00e8me de pr\u00e9vention des collisions AR",
        "Syst\u00e8me de s\u00e9curit\u00e9 post-collisions",
        "Syst\u00e8me Hi-Fi Surround",
        "Syst\u00e8me IDIS",
        "Tablette cache bagages",
        "T\u00e9moin de bouclage des ceintures AV",
        "Temp\u00e9rature ext\u00e9rieure",
        "TMC",
        "Troisi\u00e8me ceinture de s\u00e9curit\u00e9",
        "Verrouillage auto. des portes en roulant",
        "Verrouillage centralis\u00e9 \u00e0 distance",
        "Verrouillage centralis\u00e9 des portes",
        "Vitres arri\u00e8re \u00e9lectriques",
        "Vitres avant \u00e9lectriques",
        "Vitres teint\u00e9es",
        "Volant chauffant",
        "Volant cuir",
        "Volant multifonction",
        "Volant r\u00e9glable en profondeur et hauteur",
        "Volume automatique de la radio",
        "14 Haut parleurs",
        "ABS",
        "Accoudoir central AV avec rangement",
        "Affichage t\u00eate haute",
        "AFIL",
        "Aide au d\u00e9marrage en c\u00f4te",
        "Aide au freinage d'urgence",
        "Airbag conducteur",
        "Airbag genoux",
        "Airbag passager d\u00e9connectable",
        "Airbags lat\u00e9raux avant",
        "Airbags rideaux",
        "Antid\u00e9marrage \u00e9lectronique",
        "Antipatinage",
        "Appel d'Urgence Localis\u00e9",
        "Appuis-t\u00eate avant actifs",
        "Arr\u00eat et red\u00e9marrage auto. du moteur",
        "Assistance de maintien de trajectoire",
        "Bacs de portes arri\u00e8re",
        "Bacs de portes avant",
        "Banquette 60/40",
        "Banquette AR rabattable",
        "Banquette arri\u00e8re 3 places",
        "Becquet arri\u00e8re",
        "Boite \u00e0 gants ferm\u00e9e",
        "Borne Wi-Fi",
        "Boucliers AV et AR couleur caisse",
        "Calandre chrom\u00e9e",
        "Cam\u00e9ra de recul",
        "Capteur de luminosit\u00e9",
        "Capteur de pluie",
        "Ceintures avant ajustables en hauteur",
        "Ceintures rang2 ajustables en hauteur",
        "Clim automatique bi-zones",
        "Clim automatique quatre-zones",
        "Coffre assist\u00e9 \u00e9lectriquement",
        "Commande du comportement dynamique",
        "Commande Mode ECO",
        "Commandes du syst\u00e8me audio au volant",
        "Commandes vocales",
        "Compte tours",
        "Contr\u00f4le de Traction Intelligent",
        "Contr\u00f4le optimal du roulis",
        "Correcteur d'assiette",
        "D\u00e9marrage sans cl\u00e9",
        "D\u00e9tecteur de sous-gonflage",
        "Diff\u00e9rentiel \u00e0 glissement limit\u00e9",
        "Diffuseur AR noir",
        "EBD",
        "Echappement \u00e0 double sortie",
        "Eclairage au sol",
        "Eclairage d'ambiance",
        "Ecran multifonction couleur",
        "Ecran tactile",
        "ESP",
        "Essuie-glace arri\u00e8re",
        "Feux arri\u00e8re \u00e0 LED",
        "Feux de freinage d'urgence",
        "Feux de jour \u00e0 LED",
        "Filets de coffre",
        "Filtre \u00e0 particules",
        "Filtre \u00e0 Pollen",
        "Fixations Isofix aux places arri\u00e8res",
        "Follow me home",
        "Fonction MP3",
        "Freinage automatique d'urgence",
        "GPS Cartographique",
        "Interface Media",
        "Jantes Alu",
        "Kit mains-libres Bluetooth",
        "Lampe de coffre",
        "Lampes de lecture \u00e0 l'arri\u00e8re",
        "Lampes de lecture \u00e0 l'avant",
        "Lave-phares",
        "Limiteur de vitesse",
        "Lunette AR d\u00e9givrante",
        "Miroir de courtoisie conducteur \u00e9clair\u00e9",
        "Miroir de courtoisie passager \u00e9clair\u00e9",
        "Ordinateur de bord",
        "Ouverture des vitres s\u00e9quentielle",
        "Ouverture du coffre mains-libres",
        "Phares antibrouillard LED",
        "Phares avant + LED",
        "Phares avant LED",
        "Phares de route adaptatifs",
        "Phares directionnels",
        "Poign\u00e9es ton carrosserie",
        "Pommeau de levier vitesse en cuir",
        "Porte-gobelets avant",
        "Prise 12V",
        "Prise auxiliaire de connexion audio",
        "Prise USB",
        "Radar de distance",
        "Radar de stationnement AR",
        "Radar de stationnement AV",
        "Radio",
        "Radio num\u00e9rique DAB",
        "Reconnaissance panneaux de signalisation",
        "R\u00e9gulateur de vitesse",
        "R\u00e9gulateur de vitesse adaptatif",
        "R\u00e9gulateur de vitesse et de distance",
        "R\u00e9p\u00e9titeurs de clignotant dans r\u00e9tro ext",
        "R\u00e9troviseur int\u00e9rieur \u00e9lectrochrome",
        "R\u00e9troviseurs \u00e9lectriques",
        "R\u00e9troviseurs ext\u00e9rieurs \u00e9lectrochromes",
        "R\u00e9troviseurs rabattables \u00e9lectriquement",
        "Services connect\u00e9s",
        "Si\u00e8ge cond. avec r\u00e9glage lombaire \u00e9lectr",
        "Si\u00e8ge conducteur \u00e0 m\u00e9moire",
        "Si\u00e8ge conducteur avec r\u00e9glage lombaire",
        "Si\u00e8ge conducteur chauffant",
        "Si\u00e8ge conducteur \u00e9lectrique",
        "Si\u00e8ge conducteur r\u00e9glable en hauteur",
        "Si\u00e8ge passager \u00e0 m\u00e9moire",
        "Si\u00e8ge passager \u00e0 r\u00e9glages \u00e9lectriques",
        "Si\u00e8ge passager avec r\u00e9glage lombaire",
        "Si\u00e8ge passager r\u00e9glable en hauteur",
        "Si\u00e8ges arri\u00e8re chauffants",
        "Si\u00e8ges AV  avec r\u00e9glage lombaire \u00e9lectr",
        "Si\u00e8ges rang 2 rabattables \u00e0 plat",
        "Stations de webradio",
        "Syst\u00e8me d'acc\u00e8s sans cl\u00e9",
        "Syst\u00e8me d'alerte de v\u00e9hicule en approche",
        "Syst\u00e8me d'assistance \u00e0 la descente",
        "Syst\u00e8me de d\u00e9tection de somnolence",
        "Syst\u00e8me de localisation par satellite",
        "Syst\u00e8me de maintien du v\u00e9hicule en c\u00f4te",
        "Syst\u00e8me de pr\u00e9vention des collisions",
        "Syst\u00e8me de pr\u00e9vention des collisions AR",
        "Syst\u00e8me de s\u00e9curit\u00e9 post-collisions",
        "Syst\u00e8me Hi-Fi Surround",
        "Syst\u00e8me IDIS",
        "Tablette cache bagages",
        "T\u00e9moin de bouclage des ceintures AV",
        "Temp\u00e9rature ext\u00e9rieure",
        "TMC",
        "Troisi\u00e8me ceinture de s\u00e9curit\u00e9",
        "Verrouillage auto. des portes en roulant",
        "Verrouillage centralis\u00e9 \u00e0 distance",
        "Verrouillage centralis\u00e9 des portes",
        "Vitres arri\u00e8re \u00e9lectriques",
        "Vitres avant \u00e9lectriques",
        "Vitres teint\u00e9es",
        "Volant chauffant",
        "Volant cuir",
        "Volant multifonction",
        "Volant r\u00e9glable en profondeur et hauteur",
        "Volume automatique de la radio"
    ]
}