{
    "marque": "RENAULT",
    "modele": "TRAFIC",
    "couleur": "Blanc",
    "kilometrage": "100 Km",
    "boite_de_vitesse": "Manuelle",
    "annee": "2023",
    "prix_ttc": "30 299 \u20ac",
    "puissance_fiscale": "7 CV",
    "type_vehicule": "Utilitaire",
    "carburant": "Diesel",
    "portes": "4 portes",
    "places": "3 places",
    "ville": "TERVILLE (57180)",
    "garantie": "12 mois pi\u00e8ces et main d'oeuvre",
    "mise_en_circulation": "04/08/2023",
    "reference": "3684-3486-05 (gath)",
    "equipements": [],
    "liste_equipements_serie": [
        "ABS",
        "Aide au d\u00e9marrage en c\u00f4te",
        "Aide au freinage d'urgence",
        "Airbag conducteur",
        "Antid\u00e9marrage \u00e9lectronique",
        "Assistance de maintient de trajectoire",
        "Bacs de portes avant",
        "Blanc Glacier",
        "Boite \u00e0 gants ferm\u00e9e",
        "Capteur de luminosit\u00e9",
        "Clim manuelle",
        "Cloison modulable",
        "Cloison pleine",
        "Contr\u00f4le de Traction Intelligent",
        "Double portes arri\u00e8re de chargement",
        "EBD",
        "Ecran tactile",
        "Enjoliveurs",
        "ESP",
        "Feux de jour \u00e0 LED",
        "Filtre \u00e0 particules",
        "Filtre \u00e0 Pollen",
        "Habillage lat\u00e9ral mi-hauteur espace chgt",
        "Interface Media",
        "Lampe de coffre",
        "Limiteur de vitesse",
        "Ouverture des vitres s\u00e9quentielle",
        "Phares avant LED",
        "Porte lat\u00e9rale arri\u00e8re droite",
        "Prise 12V",
        "Radar de stationnement AR",
        "R\u00e9gulateur de vitesse",
        "R\u00e9partiteur \u00e9lectronique de freinage",
        "R\u00e9troviseurs rabattables \u00e9lectriquement",
        "Si\u00e8ge conducteur avec r\u00e9glage lombaire",
        "T\u00e9moin de bouclage des ceintures AV",
        "Tissu Java Noir",
        "Verrouillage centralis\u00e9 \u00e0 distance",
        "Verrouillage centralis\u00e9 des portes",
        "Vitres avant \u00e9lectriques",
        "Vitres teint\u00e9es",
        "ABS",
        "Aide au d\u00e9marrage en c\u00f4te",
        "Aide au freinage d'urgence",
        "Airbag conducteur",
        "Antid\u00e9marrage \u00e9lectronique",
        "Assistance de maintient de trajectoire",
        "Bacs de portes avant",
        "Blanc Glacier",
        "Boite \u00e0 gants ferm\u00e9e",
        "Capteur de luminosit\u00e9",
        "Clim manuelle",
        "Cloison modulable",
        "Cloison pleine",
        "Contr\u00f4le de Traction Intelligent",
        "Double portes arri\u00e8re de chargement",
        "EBD",
        "Ecran tactile",
        "Enjoliveurs",
        "ESP",
        "Feux de jour \u00e0 LED",
        "Filtre \u00e0 particules",
        "Filtre \u00e0 Pollen",
        "Habillage lat\u00e9ral mi-hauteur espace chgt",
        "Interface Media",
        "Lampe de coffre",
        "Limiteur de vitesse",
        "Ouverture des vitres s\u00e9quentielle",
        "Phares avant LED",
        "Porte lat\u00e9rale arri\u00e8re droite",
        "Prise 12V",
        "Radar de stationnement AR",
        "R\u00e9gulateur de vitesse",
        "R\u00e9partiteur \u00e9lectronique de freinage",
        "R\u00e9troviseurs rabattables \u00e9lectriquement",
        "Si\u00e8ge conducteur avec r\u00e9glage lombaire",
        "T\u00e9moin de bouclage des ceintures AV",
        "Tissu Java Noir",
        "Verrouillage centralis\u00e9 \u00e0 distance",
        "Verrouillage centralis\u00e9 des portes",
        "Vitres avant \u00e9lectriques",
        "Vitres teint\u00e9es"
    ]
}